playlist,total,deduped,removed,m3u
Acoustique (500 titres),500,53,447,/app/playlists/reports/deduped/Acoustique_500_titres_deduped.m3u
After Party (500 titres),500,94,406,/app/playlists/reports/deduped/After_Party_500_titres_deduped.m3u
Afterwork chill (120 titres),120,54,66,/app/playlists/reports/deduped/Afterwork_chill_120_titres_deduped.m3u
Albums pépites (99 titres),99,47,52,/app/playlists/reports/deduped/Albums_ppites_99_titres_deduped.m3u
Ambient & Drone (279 titres),279,132,147,/app/playlists/reports/deduped/Ambient__Drone_279_titres_deduped.m3u
Anniversaire (331 titres),331,187,144,/app/playlists/reports/deduped/Anniversaire_331_titres_deduped.m3u
Apéro Chill (500 titres),500,171,329,/app/playlists/reports/deduped/Apro_Chill_500_titres_deduped.m3u
Automne Doré (500 titres),500,213,287,/app/playlists/reports/deduped/Automne_Dor_500_titres_deduped.m3u
Bandes Originales (500 titres),500,406,94,/app/playlists/reports/deduped/Bandes_Originales_500_titres_deduped.m3u
Before going out (100 titres),100,70,30,/app/playlists/reports/deduped/Before_going_out_100_titres_deduped.m3u
Brunch & Repas (500 titres),500,162,338,/app/playlists/reports/deduped/Brunch__Repas_500_titres_deduped.m3u
Brunch weekend (100 titres),100,59,41,/app/playlists/reports/deduped/Brunch_weekend_100_titres_deduped.m3u
Bureau sans stress (120 titres),120,91,29,/app/playlists/reports/deduped/Bureau_sans_stress_120_titres_deduped.m3u
Chanson Française (395 titres),395,259,136,/app/playlists/reports/deduped/Chanson_Franaise_395_titres_deduped.m3u
Chill & Relax (500 titres),500,272,228,/app/playlists/reports/deduped/Chill__Relax_500_titres_deduped.m3u
Christmas & Fêtes (500 titres),500,314,186,/app/playlists/reports/deduped/Christmas__Ftes_500_titres_deduped.m3u
Classical & Orchestre (500 titres),500,301,199,/app/playlists/reports/deduped/Classical__Orchestre_500_titres_deduped.m3u
Conduite Auto (500 titres),500,250,250,/app/playlists/reports/deduped/Conduite_Auto_500_titres_deduped.m3u
Country & Folk (500 titres),500,367,133,/app/playlists/reports/deduped/Country__Folk_500_titres_deduped.m3u
Covers & Reprises (500 titres),500,374,126,/app/playlists/reports/deduped/Covers__Reprises_500_titres_deduped.m3u
Crépuscule (500 titres),500,342,158,/app/playlists/reports/deduped/Crpuscule_500_titres_deduped.m3u
Cuisine & Recette (500 titres),500,368,132,/app/playlists/reports/deduped/Cuisine__Recette_500_titres_deduped.m3u
Cuisine en rythme (82 titres),82,52,30,/app/playlists/reports/deduped/Cuisine_en_rythme_82_titres_deduped.m3u
Daily mix chill (120 titres),120,88,32,/app/playlists/reports/deduped/Daily_mix_chill_120_titres_deduped.m3u
Daily mix energie (120 titres),120,84,36,/app/playlists/reports/deduped/Daily_mix_energie_120_titres_deduped.m3u
Daily mix night drive (120 titres),120,102,18,/app/playlists/reports/deduped/Daily_mix_night_drive_120_titres_deduped.m3u
Dancefloor rétro (29 titres),29,22,7,/app/playlists/reports/deduped/Dancefloor_rtro_29_titres_deduped.m3u
Dark & Intense (500 titres),500,274,226,/app/playlists/reports/deduped/Dark__Intense_500_titres_deduped.m3u
Deep cuts favoris (100 titres),100,66,34,/app/playlists/reports/deduped/Deep_cuts_favoris_100_titres_deduped.m3u
Deep work sans parole (140 titres),140,122,18,/app/playlists/reports/deduped/Deep_work_sans_parole_140_titres_deduped.m3u
Dimanche reset (120 titres),120,98,22,/app/playlists/reports/deduped/Dimanche_reset_120_titres_deduped.m3u
Diner romantique (100 titres),100,70,30,/app/playlists/reports/deduped/Diner_romantique_100_titres_deduped.m3u
Diversité intelligente (120 titres),120,99,21,/app/playlists/reports/deduped/Diversit_intelligente_120_titres_deduped.m3u
Douche énergique (80 titres),80,43,37,/app/playlists/reports/deduped/Douche_nergique_80_titres_deduped.m3u
Dreamy & Éthéré (500 titres),500,293,207,/app/playlists/reports/deduped/Dreamy__thr_500_titres_deduped.m3u
Découvertes (2) (6 titres),6,6,0,/app/playlists/reports/deduped/Dcouvertes_2_6_titres_deduped.m3u
Découvertes de la semaine (118 titres),118,90,28,/app/playlists/reports/deduped/Dcouvertes_de_la_semaine_118_titres_deduped.m3u
Electronic & Techno (500 titres),500,363,137,/app/playlists/reports/deduped/Electronic__Techno_500_titres_deduped.m3u
Evasion urbaine (120 titres),120,106,14,/app/playlists/reports/deduped/Evasion_urbaine_120_titres_deduped.m3u
Funk & Disco (5015 titres),5015,3352,1663,/app/playlists/reports/deduped/Funk__Disco_5015_titres_deduped.m3u
Funk & Soul (500 titres),500,339,161,/app/playlists/reports/deduped/Funk__Soul_500_titres_deduped.m3u
Fête (107 titres),107,72,35,/app/playlists/reports/deduped/Fte_107_titres_deduped.m3u
Gaming Session (500 titres),500,361,139,/app/playlists/reports/deduped/Gaming_Session_500_titres_deduped.m3u
Gaming focus (130 titres),130,108,22,/app/playlists/reports/deduped/Gaming_focus_130_titres_deduped.m3u
Golden hour (32 titres),32,18,14,/app/playlists/reports/deduped/Golden_hour_32_titres_deduped.m3u
Guilty Pleasures (798 titres),798,548,250,/app/playlists/reports/deduped/Guilty_Pleasures_798_titres_deduped.m3u
Génération Top 50 (7918 titres),7918,5336,2582,/app/playlists/reports/deduped/Gnration_Top_50_7918_titres_deduped.m3u
Génériques TV/Films (500 titres),500,382,118,/app/playlists/reports/deduped/Gnriques_TVFilms_500_titres_deduped.m3u
Hard Rock & Metal (378 titres),378,311,67,/app/playlists/reports/deduped/Hard_Rock__Metal_378_titres_deduped.m3u
Hits sans pause (140 titres),140,103,37,/app/playlists/reports/deduped/Hits_sans_pause_140_titres_deduped.m3u
Hiver & Cocooning (500 titres),500,404,96,/app/playlists/reports/deduped/Hiver__Cocooning_500_titres_deduped.m3u
Indie & Alternatif (179 titres),179,157,22,/app/playlists/reports/deduped/Indie__Alternatif_179_titres_deduped.m3u
Instrumentaux (500 titres),500,424,76,/app/playlists/reports/deduped/Instrumentaux_500_titres_deduped.m3u
International essentiels (34 titres),34,25,9,/app/playlists/reports/deduped/International_essentiels_34_titres_deduped.m3u
Jazz & Blues (500 titres),500,301,199,/app/playlists/reports/deduped/Jazz__Blues_500_titres_deduped.m3u
Joie & Bonheur (500 titres),500,376,124,/app/playlists/reports/deduped/Joie__Bonheur_500_titres_deduped.m3u
K-Pop & J-Pop (67 titres),67,41,26,/app/playlists/reports/deduped/K-Pop__J-Pop_67_titres_deduped.m3u
Karaoke entre amis (120 titres),120,79,41,/app/playlists/reports/deduped/Karaoke_entre_amis_120_titres_deduped.m3u
Karaoké (214 titres),214,169,45,/app/playlists/reports/deduped/Karaok_214_titres_deduped.m3u
Late night electronic (110 titres),110,95,15,/app/playlists/reports/deduped/Late_night_electronic_110_titres_deduped.m3u
Latin Vibes (500 titres),500,392,108,/app/playlists/reports/deduped/Latin_Vibes_500_titres_deduped.m3u
Lecture & Détente (500 titres),500,373,127,/app/playlists/reports/deduped/Lecture__Dtente_500_titres_deduped.m3u
Lecture & focus (75 titres),75,64,11,/app/playlists/reports/deduped/Lecture__focus_75_titres_deduped.m3u
Liked Songs (Loved Tracks) (1267 titres),1267,1265,2,/app/playlists/reports/deduped/Liked_Songs_Loved_Tracks_1267_titres_deduped.m3u
Live & Concerts (500 titres),500,349,151,/app/playlists/reports/deduped/Live__Concerts_500_titres_deduped.m3u
Marche active (120 titres),120,83,37,/app/playlists/reports/deduped/Marche_active_120_titres_deduped.m3u
Mariage (110 titres),110,74,36,/app/playlists/reports/deduped/Mariage_110_titres_deduped.m3u
Matin good vibes (100 titres),100,44,56,/app/playlists/reports/deduped/Matin_good_vibes_100_titres_deduped.m3u
Mes favoris (101 titres),101,58,43,/app/playlists/reports/deduped/Mes_favoris_101_titres_deduped.m3u
Mes titres Shazam ok (89 titres),89,89,0,/app/playlists/reports/deduped/Mes_titres_Shazam_ok_89_titres_deduped.m3u
Mix concentration (45 titres),45,30,15,/app/playlists/reports/deduped/Mix_concentration_45_titres_deduped.m3u
Mix humeur deep focus (140 titres),140,119,21,/app/playlists/reports/deduped/Mix_humeur_deep_focus_140_titres_deduped.m3u
Mix humeur happy (120 titres),120,108,12,/app/playlists/reports/deduped/Mix_humeur_happy_120_titres_deduped.m3u
Mix humeur intense (120 titres),120,103,17,/app/playlists/reports/deduped/Mix_humeur_intense_120_titres_deduped.m3u
Mix humeur sad (120 titres),120,103,17,/app/playlists/reports/deduped/Mix_humeur_sad_120_titres_deduped.m3u
Mix humeur sensuel (100 titres),100,75,25,/app/playlists/reports/deduped/Mix_humeur_sensuel_100_titres_deduped.m3u
Mix humeur sleep (140 titres),140,106,34,/app/playlists/reports/deduped/Mix_humeur_sleep_140_titres_deduped.m3u
Mix énergique (50 titres),50,39,11,/app/playlists/reports/deduped/Mix_nergique_50_titres_deduped.m3u
Mojito sunset (187 titres),187,187,0,/app/playlists/reports/deduped/Mojito_sunset_187_titres_deduped.m3u
Mojito sunset (31 titres),31,24,7,/app/playlists/reports/deduped/Mojito_sunset_31_titres_deduped.m3u
Mojito sunset (58 titres),58,39,19,/app/playlists/reports/deduped/Mojito_sunset_58_titres_deduped.m3u
Mystique & Spirituel (329 titres),329,229,100,/app/playlists/reports/deduped/Mystique__Spirituel_329_titres_deduped.m3u
Mélancolie (500 titres),500,321,179,/app/playlists/reports/deduped/Mlancolie_500_titres_deduped.m3u
Ménage boost (120 titres),120,57,63,/app/playlists/reports/deduped/Mnage_boost_120_titres_deduped.m3u
Nostalgie (500 titres),500,353,147,/app/playlists/reports/deduped/Nostalgie_500_titres_deduped.m3u
Nuit Profonde (500 titres),500,267,233,/app/playlists/reports/deduped/Nuit_Profonde_500_titres_deduped.m3u
Nuit calme (100 titres),100,78,22,/app/playlists/reports/deduped/Nuit_calme_100_titres_deduped.m3u
Pluie & Mélancolie (500 titres),500,263,237,/app/playlists/reports/deduped/Pluie__Mlancolie_500_titres_deduped.m3u
Pluie du soir (30 titres),30,17,13,/app/playlists/reports/deduped/Pluie_du_soir_30_titres_deduped.m3u
Pool party (120 titres),120,103,17,/app/playlists/reports/deduped/Pool_party_120_titres_deduped.m3u
Pop FR (10 titres),10,9,1,/app/playlists/reports/deduped/Pop_FR_10_titres_deduped.m3u
Pop US/UK (500 titres),500,330,170,/app/playlists/reports/deduped/Pop_USUK_500_titres_deduped.m3u
Printemps Frais (500 titres),500,340,160,/app/playlists/reports/deduped/Printemps_Frais_500_titres_deduped.m3u
Punk & Garage (193 titres),193,159,34,/app/playlists/reports/deduped/Punk__Garage_193_titres_deduped.m3u
R&B (500 titres),500,318,182,/app/playlists/reports/deduped/RB_500_titres_deduped.m3u
Rage & Énergie (292 titres),292,236,56,/app/playlists/reports/deduped/Rage__nergie_292_titres_deduped.m3u
Rap & Hip-Hop (500 titres),500,374,126,/app/playlists/reports/deduped/Rap__Hip-Hop_500_titres_deduped.m3u
Rebond oublié (100 titres),100,67,33,/app/playlists/reports/deduped/Rebond_oubli_100_titres_deduped.m3u
Redécouvertes notées (80 titres),80,63,17,/app/playlists/reports/deduped/Redcouvertes_notes_80_titres_deduped.m3u
Reggae & Roots (500 titres),500,404,96,/app/playlists/reports/deduped/Reggae__Roots_500_titres_deduped.m3u
Reggaeton & Urban (248 titres),248,204,44,/app/playlists/reports/deduped/Reggaeton__Urban_248_titres_deduped.m3u
Relaxation (90 titres),90,53,37,/app/playlists/reports/deduped/Relaxation_90_titres_deduped.m3u
Remixes & Edits (500 titres),500,425,75,/app/playlists/reports/deduped/Remixes__Edits_500_titres_deduped.m3u
Repas entre amis (120 titres),120,58,62,/app/playlists/reports/deduped/Repas_entre_amis_120_titres_deduped.m3u
Repeat rewind (44 titres),44,20,24,/app/playlists/reports/deduped/Repeat_rewind_44_titres_deduped.m3u
Road trip (120 titres),120,54,66,/app/playlists/reports/deduped/Road_trip_120_titres_deduped.m3u
Rock Classique (260 titres),260,218,42,/app/playlists/reports/deduped/Rock_Classique_260_titres_deduped.m3u
Romantique (500 titres),500,402,98,/app/playlists/reports/deduped/Romantique_500_titres_deduped.m3u
Running & Workout (2463 titres),2463,1837,626,/app/playlists/reports/deduped/Running__Workout_2463_titres_deduped.m3u
Running (140 titres),140,123,17,/app/playlists/reports/deduped/Running_140_titres_deduped.m3u
Réveil Doux (500 titres),500,321,179,/app/playlists/reports/deduped/Rveil_Doux_500_titres_deduped.m3u
SUMMER HITS 2000-2022 (5 titres),5,5,0,/app/playlists/reports/deduped/SUMMER_HITS_2000-2022_5_titres_deduped.m3u
Session massage tantrique (100 titres),100,85,15,/app/playlists/reports/deduped/Session_massage_tantrique_100_titres_deduped.m3u
Sieste & Sommeil (500 titres),500,335,165,/app/playlists/reports/deduped/Sieste__Sommeil_500_titres_deduped.m3u
Slow love (100 titres),100,66,34,/app/playlists/reports/deduped/Slow_love_100_titres_deduped.m3u
Soirée & Fête (500 titres),500,418,82,/app/playlists/reports/deduped/Soire__Fte_500_titres_deduped.m3u
Soirée (107 titres),107,79,28,/app/playlists/reports/deduped/Soire_107_titres_deduped.m3u
Sweet spot perso (120 titres),120,72,48,/app/playlists/reports/deduped/Sweet_spot_perso_120_titres_deduped.m3u
Synthwave & Retrowave (21 titres),21,14,7,/app/playlists/reports/deduped/Synthwave__Retrowave_21_titres_deduped.m3u
Terrasse chill (120 titres),120,99,21,/app/playlists/reports/deduped/Terrasse_chill_120_titres_deduped.m3u
Top 100 plus écoutés,100,56,44,/app/playlists/reports/deduped/Top_100_plus_couts_deduped.m3u
Top Fun Radio (300 titres),300,263,37,/app/playlists/reports/deduped/Top_Fun_Radio_300_titres_deduped.m3u
Top NRJ (300 titres),300,177,123,/app/playlists/reports/deduped/Top_NRJ_300_titres_deduped.m3u
Top Radio RFM (300 titres),300,174,126,/app/playlists/reports/deduped/Top_Radio_RFM_300_titres_deduped.m3u
Travail & Focus (500 titres),500,418,82,/app/playlists/reports/deduped/Travail__Focus_500_titres_deduped.m3u
Vibes 2000s (158 titres),158,151,7,/app/playlists/reports/deduped/Vibes_2000s_158_titres_deduped.m3u
Vibes 2000s (458 titres),458,410,48,/app/playlists/reports/deduped/Vibes_2000s_458_titres_deduped.m3u
Vibes 2010s (296 titres),296,290,6,/app/playlists/reports/deduped/Vibes_2010s_296_titres_deduped.m3u
Vibes 2010s (500 titres),500,473,27,/app/playlists/reports/deduped/Vibes_2010s_500_titres_deduped.m3u
Vibes 2020s (393 titres),393,345,48,/app/playlists/reports/deduped/Vibes_2020s_393_titres_deduped.m3u
Vibes 60s (207 titres),207,134,73,/app/playlists/reports/deduped/Vibes_60s_207_titres_deduped.m3u
Vibes 60s (68 titres),68,45,23,/app/playlists/reports/deduped/Vibes_60s_68_titres_deduped.m3u
Vibes 70s (236 titres),236,172,64,/app/playlists/reports/deduped/Vibes_70s_236_titres_deduped.m3u
Vibes 70s (50 titres),50,50,0,/app/playlists/reports/deduped/Vibes_70s_50_titres_deduped.m3u
Vibes 80s (282 titres),282,246,36,/app/playlists/reports/deduped/Vibes_80s_282_titres_deduped.m3u
Vibes 90s (109 titres),109,107,2,/app/playlists/reports/deduped/Vibes_90s_109_titres_deduped.m3u
Vibes 90s (261 titres),261,241,20,/app/playlists/reports/deduped/Vibes_90s_261_titres_deduped.m3u
Voyage & Découverte (500 titres),500,373,127,/app/playlists/reports/deduped/Voyage__Dcouverte_500_titres_deduped.m3u
Workout intense (36 titres),36,25,11,/app/playlists/reports/deduped/Workout_intense_36_titres_deduped.m3u
Workout performance (140 titres),140,121,19,/app/playlists/reports/deduped/Workout_performance_140_titres_deduped.m3u
World vibes (47 titres),47,35,12,/app/playlists/reports/deduped/World_vibes_47_titres_deduped.m3u
Yoga & Méditation (303 titres),303,229,74,/app/playlists/reports/deduped/Yoga__Mditation_303_titres_deduped.m3u
Yoga (120 titres),120,99,21,/app/playlists/reports/deduped/Yoga_120_titres_deduped.m3u
À redécouvrir (68 titres),68,54,14,/app/playlists/reports/deduped/redcouvrir_68_titres_deduped.m3u
Épique & Cinématique (500 titres),500,393,107,/app/playlists/reports/deduped/pique__Cinmatique_500_titres_deduped.m3u
Été & Soleil (500 titres),500,406,94,/app/playlists/reports/deduped/t__Soleil_500_titres_deduped.m3u
⭐ 1 étoiles (9 titres),9,8,1,/app/playlists/reports/deduped/1_toiles_9_titres_deduped.m3u
⭐ 2 étoiles (6 titres),6,6,0,/app/playlists/reports/deduped/2_toiles_6_titres_deduped.m3u
⭐ 3 étoiles (11 titres),11,7,4,/app/playlists/reports/deduped/3_toiles_11_titres_deduped.m3u
⭐ 4 étoiles (111 titres),111,73,38,/app/playlists/reports/deduped/4_toiles_111_titres_deduped.m3u
⭐ 5 étoiles (98 titres),98,69,29,/app/playlists/reports/deduped/5_toiles_98_titres_deduped.m3u
⭐ Stars 80 FR & US (17274 titres),17274,8764,8510,/app/playlists/reports/deduped/Stars_80_FR__US_17274_titres_deduped.m3u
