playlist,duplicate_group_id,count,track_id,title,artist,album,duration_s
Cuisine en rythme (82 titres),1,3,1484437,Je Danse Le Mia  (Le Terrible Funk Remix Radio Edit),IAM,Ombre Est Lumière,239
Cuisine en rythme (82 titres),1,3,2002098,Je Danse le Mia (Le Terrible Funk Remix Radio Edit),IAM,Ombre Est Lumiere (Volume Unique),239
Cuisine en rythme (82 titres),1,3,1422942,Je danse le Mia (Le Terrible Funk remix radio edit),IAM,"Ombre est lumière, volume unique",239
Cuisine en rythme (82 titres),2,2,1949285,Samba de Janeiro (Radio Edit),Bellini,Samba de Janeiro,168
Cuisine en rythme (82 titres),2,2,2111009,Samba de Janeiro (radio edit),Bellini,Brazil ~The Best Of Bellini~,167
Cuisine en rythme (82 titres),3,4,1953910,A Vouloir Toucher Dieu,Akhenaton,Double Chill Burger  (Compilation),260
Cuisine en rythme (82 titres),3,4,2131640,A Vouloir Toucher Dieu,Akhenaton,Double Chill Burger  (Compilation),260
Cuisine en rythme (82 titres),3,4,2021081,A Vouloir Toucher Dieu...,Akhenaton,Double Chill Burger  (Compilation),260
Cuisine en rythme (82 titres),3,4,2291010,À vouloir toucher Dieu…,Akhenaton,Double Chill Burger (Best of),260
Cuisine en rythme (82 titres),4,3,2187835,MALA MUJER,C. Tangana,MALA MUJER,219
Cuisine en rythme (82 titres),4,3,2308987,Mala Mujer,C. Tangana,Ídolo,219
Cuisine en rythme (82 titres),4,3,2123473,Mala mujer,C. Tangana,Ídolo,219
Cuisine en rythme (82 titres),5,3,1954176,Rien À Perdre,Akhenaton,Double Chill Burger  (Compilation),272
Cuisine en rythme (82 titres),5,3,2131641,Rien À Perdre,Akhenaton,Double Chill Burger  (Compilation),272
Cuisine en rythme (82 titres),5,3,2281728,Rien À Perdre,Akhenaton,Double Chill Burger,272
Cuisine en rythme (82 titres),6,2,1950628,Groove Is in the Heart,Various Artists,La Musique de Tout le Monde En Parle,232
Cuisine en rythme (82 titres),6,2,2131687,Groove Is in the Heart,Various Artists,La Musique de Tout le Monde En Parle,232
Cuisine en rythme (82 titres),7,3,1721606,Groove Is in the Heart,Deee‐Lite,World Clique,232
Cuisine en rythme (82 titres),7,3,2336426,Groove Is in the Heart,Deee‐Lite,World Clique,232
Cuisine en rythme (82 titres),7,3,2309571,Groove Is In the Heart,Deee‐Lite,World Clique,231
Cuisine en rythme (82 titres),8,3,1950630,Groove Is in the Heart (LP version),Deee‐Lite,Groove Is in the Heart,231
Cuisine en rythme (82 titres),8,3,2131659,Groove Is in the Heart (LP version),Deee‐Lite,Groove Is in the Heart,231
Cuisine en rythme (82 titres),8,3,1428403,Groove Is in the Heart (LP version),Deee‐Lite,Rhino Hi-Five: Deee-Lite,231
Cuisine en rythme (82 titres),9,2,2067872,Caravane,Raphaël,Caravane,206
Cuisine en rythme (82 titres),9,2,2196964,Caravane,Raphaël,Caravane,206
Cuisine en rythme (82 titres),10,4,2183426,"Pousse Au Milieu Des Cactus, Ma Rancoeur",Akhenaton,Double Chill Burger - Quality Best Of Akhénaton,322
Cuisine en rythme (82 titres),10,4,2291003,"Pousse Au Milieu Des Cactus, Ma Rancoeur",Akhenaton,Double Chill Burger - Quality Best of Akhénaton,322
Cuisine en rythme (82 titres),10,4,2032065,Pousse Au Milieu Des Cactus Ma Rancoeur,Akhenaton,Double Chill Burger (Best of),322
Cuisine en rythme (82 titres),10,4,2183406,Pousse Au Milieu Des Cactus Ma Rancoeur,Akhenaton,Double Chill Burger & Live Au Dock Des Suds,322
Cuisine en rythme (82 titres),11,3,2068177,Hymn of the Seventh Galaxy,Chick Corea,5 Original Albums,213
Cuisine en rythme (82 titres),11,3,2068180,Hymn of the Seventh Galaxy,Chick Corea,5 Original Albums,212
Cuisine en rythme (82 titres),11,3,2113445,Hymn of the Seventh Galaxy,Chick Corea,Chick Corea & Friends: New York,212
Cuisine en rythme (82 titres),12,2,2183929,"If You Feel the Funk (12"" Version)",Ben Liebrand,Grand 12‐Inches 2,311
Cuisine en rythme (82 titres),12,2,2352587,"If You Feel the Funk (12"" Version)",Ben Liebrand,grand 12‐inches 2,311
Cuisine en rythme (82 titres),13,2,1427598,"""Groove To The Music""",DJ Jean,Love Come Home,255
Cuisine en rythme (82 titres),13,2,2112156,Groove to the Music,DJ Jean,Love Come Home,255
Cuisine en rythme (82 titres),14,2,2108575,On s’en fout,Christophe Mali,Je vous emmène,234
Cuisine en rythme (82 titres),14,2,2066847,On s'en fout,Christophe Mali,Je vous emmène,229
Cuisine en rythme (82 titres),15,2,1348493,Groove Thang,Zhané,Pronounced Jah-Nay,232
Cuisine en rythme (82 titres),15,2,1427577,Groove Thang,Zhané,Pronounced Jah-Nay,232
Cuisine en rythme (82 titres),16,2,1869838,Soulman,Ben L’Oncle Soul,Ben L'oncle Soul,224
Cuisine en rythme (82 titres),16,2,2260420,Soulman,Ben L’Oncle Soul,Ben l'Oncle Soul,223
Cuisine en rythme (82 titres),17,2,1953539,"Le Bien, le Mal",Various Artists,"Cool Groove, Vol. 1",202
Cuisine en rythme (82 titres),17,2,2348906,"Le Bien, le Mal",Various Artists,"cool groove, vol. 1",202
Cuisine en rythme (82 titres),18,2,1245442,Duppy Conqueror,Bob Marley & The Wailers,"Soul Revolution, Part II",198
Cuisine en rythme (82 titres),18,2,1428644,Duppy Conqueror,Bob Marley & The Wailers,"Soul Revolution, Part II",198
Cuisine en rythme (82 titres),19,2,1427869,Man Do,Blue,Heart & Soul,179
Cuisine en rythme (82 titres),19,2,2113009,Man Do,Blue,Heart & Soul,179
Cuisine en rythme (82 titres),20,2,2121274,(Do the) Mashed Potatoes,James Brown,Grits & Soul,151
Cuisine en rythme (82 titres),20,2,2306829,(Do the) Mashed Potatoes,James Brown,Grits & Soul,151
